X,Y,Test or train,Raw prediction,Cumulative prediction,Cloglog prediction
-122.3,49.05,train,0.0015147667322935867,43.559900918807976,0.7427993016829655
-82.660446,41.774384,train,6.807933920764352E-4,19.78277827169942,0.4568071766946862
-89.248795,48.38028,train,1.954131793555582E-4,9.644483916120551,0.16069098771493262
-82.49102,42.54663,train,3.4288622013097306E-4,13.602440324965153,0.2646268107207259
-110.045242,50.126741,train,0.001495990285083953,42.5765609530939,0.7384334670676937
-107.516324,49.017712,train,0.0024476098888979144,84.89052762989924,0.8885453120989892
-107.672404,49.037075,train,0.0024835487598065657,86.86194838833548,0.892078829843481
-111.281634,50.240533,train,0.002156664679458756,73.91120138022411,0.8553331875505632
-106.538668,49.039502,train,0.0024361718966351364,84.40166364399028,0.8873966345593555
-107.446006,49.196566,train,0.0022907166244634245,80.13756303008712,0.8717138094447461
-107.542578,49.037325,train,0.0024642558005261014,85.62816047404259,0.8901960998590437
-107.583112,49.161846,train,0.002236537189506032,77.42021853837063,0.8653293344966111
-106.407269,49.100449,train,0.002188356475930024,75.43324671235483,0.8593853125642341
-107.51054,49.274445,train,0.0019192063049602282,61.89148098439879,0.8210152497625904
-120.044092,50.758027,train,3.3688713690933317E-4,13.417835172844462,0.2606614513328157
-107.587676,49.120167,train,0.0022915584530554403,80.59558317113562,0.8718105840245706
-110.039279,49.194398,train,0.004182272516230769,100.0,0.9764624759210127
-107.432885,49.243583,train,0.0020984011371371074,71.1390422916954,0.8475764643625878
-107.502758,49.203996,train,0.0022768571552097237,79.45088569450711,0.8701100148194493
-107.495106,49.223645,train,0.0021375143640213596,72.62165807303543,0.8528282347704442
-107.501702,49.220875,train,0.00200720140696776,65.99673932837595,0.8345914927107744
-104.124842,49.695379,train,0.001423364227619064,39.41815490576077,0.7208376160004697
-107.450926,49.04974,train,0.0026650733179854487,89.20833061600798,0.9082859990198735
-119.609745,49.261714,train,0.0024546510602239976,85.13605027778041,0.8892465976871177
-105.292811,50.112679,train,0.0020307237943001364,67.82513108704845,0.8380428506266506
-119.721485,49.234366,train,0.0013702576788744442,36.89693692608507,0.7072261387225698
-110.744226,50.034473,train,0.0017784005686706085,54.858990811633056,0.7969353090656963
-106.405869,49.167019,train,0.001938959024454889,63.05064716039899,0.8241566633378858
-104.026673,49.674167,train,0.0013946761257868673,38.02975530340607,0.7135652342487853
-104.175926,49.705492,train,0.0014476159807655902,40.26200373006463,0.7268411825046781
-111.16244,50.238523,train,0.002141856539816393,73.04853932136692,0.8533999878361267
-114.069672,51.034486,train,7.750808132048956E-4,21.750558285264997,0.500832714464223
-119.751053,49.223588,train,0.0013767974126743486,37.119026702168796,0.7089374993809128
-119.636686,49.352859,train,0.0017918245128807828,55.57390390495382,0.7993642986162854
-119.675586,49.333464,train,0.0015237671917850517,44.036383120762416,0.7448661449760197
-119.683081,49.21289,train,0.0011489930950157289,29.260529249359223,0.6429945355946332
-119.796994,49.21273,train,0.001919601997877766,62.084944561927735,0.8210787271226643
-122.964591,49.150773,train,0.0021878992604781795,75.2160344347346,0.8593276674953563
-111.06639,49.275714,train,0.0021923122592980315,75.68158318980772,0.8598830667894035
-116.046119,50.404532,train,4.831601190249597E-5,3.0191970664584487,0.042387853231708905
-119.705718,49.200045,train,0.0013568124785974314,35.9104649479462,0.7036760352143576
-106.709854,49.082843,train,0.002707738715173522,90.28256824524638,0.9117275503069464
-107.472994,49.035898,train,0.0024792350856289906,86.38687039085048,0.8916606958020532
-104.451828,50.383677,train,6.648103612330581E-4,19.310928730960644,0.44896837460829986
-107.487876,49.398071,train,0.001650142541239595,50.19951781102188,0.772192648878939
-107.375337,49.167915,train,0.002432595392728967,83.91301572665861,0.8870350348819583
-107.450321,49.103337,train,0.0024939556104673077,87.36499554556008,0.8930809581331981
-107.59891,49.335686,train,0.0018327340626721927,57.57676125037958,0.8065889248959401
-107.519347,49.301294,train,0.001906253703527182,60.88928217253683,0.8189249027252425
-107.381127,49.057106,train,0.002805861100995006,91.9374496908383,0.9191603834437762
-119.637143,49.234106,train,0.0013285070623455526,34.44567942503184,0.6960608675929485
-107.408983,49.038546,train,0.0028073036543673304,92.49848599061694,0.9192648547275801
-107.55692,49.107977,train,0.00231658685237106,81.28908006516815,0.8746546777717802
-107.694331,49.368456,train,0.00178509065740723,55.18795434185535,0.7981494978764909
-107.599488,49.295949,train,0.0018609110239102054,59.058615005265615,0.8114131070192322
-110.938592,49.516305,train,0.002097728926049478,71.08723713189262,0.8474845866583552
-110.692442,49.307416,train,0.002466549875366437,85.87502363376862,0.8904216797767331
-107.587968,49.001497,train,0.0025885157951125366,87.62399155940605,0.9017707207249215
-106.543172,49.142877,train,0.0020890263585809444,70.50899404352619,0.8462901095038747
-107.484935,49.083958,train,0.0023037424675106193,80.8265612407725,0.8732030819938242
-107.465824,49.356551,train,0.0017665971088481496,54.14839570665478,0.7947752531347025
-107.427336,49.138406,train,0.0022595021244430627,78.76959734403158,0.8680734167304843
-68.10611,48.609955,train,5.3680552622831537E-5,3.3144847546887477,0.0469819477324791
-66.75429,44.724194,train,5.010595003468202E-4,16.78746464533308,0.3618424843750455
-79.32917,43.62827,train,0.0011746076623451549,29.8436707872925,0.6510986745636442
-64.28,45.87,train,2.1232366187456318E-4,10.237191305315532,0.1733183264111423
-81.94591,42.26359,train,3.6814000697777647E-4,14.199390065716658,0.2810875469900157
-66.79692,44.71289,train,2.8689439383556686E-4,12.282805364176129,0.22677393011792324
-68.12639,48.602055,train,7.92887143732862E-5,4.682579663800699,0.06861041608380891
-78.14283,48.298496,train,1.2364332954383823E-5,0.9261070671091115,0.01102269146099033
-107.410275,49.097931,train,0.0026145557341990086,88.14572306033861,0.9040371565693899
-107.419388,49.005259,train,0.0026399392939442682,88.40981206285393,0.9061961206795969
-107.469056,49.055268,train,0.002426411956198117,83.18547216161922,0.8864071218822211
-107.407806,49.213144,train,0.0020884867160311325,70.29721353764437,0.846215733194801
-106.550067,49.10794,train,0.002310654081310911,81.05770330722198,0.8739862681751238
-106.47396,49.067401,train,0.0021132454222065385,71.84267906785654,0.8495913319548594
-107.510159,49.129143,train,0.0021544084336333927,73.6952594922328,0.8550402897063984
-106.436135,49.015772,train,0.0023461347799716465,81.75749280373317,0.8779312340950757
-106.592246,49.075339,train,0.002820658763598747,92.78044860921239,0.9202256581504702
-120.421919,50.136741,train,0.0018305706496648986,57.027190413012676,0.8062134650083552
-119.789969,49.334096,train,0.001102041665674911,27.205281731949633,0.6276477700559016
-106.446636,49.05465,train,0.002252885807229749,78.54335690034718,0.8672886171301142
-107.629578,50.244815,train,8.090006727582016E-4,22.303936126095213,0.5157825232151871
-106.513731,49.074968,train,0.002355970754934421,82.22825282747088,0.8790028281145523
-106.489014,49.185634,train,0.0018616656005616264,59.42825090108075,0.8115406303254797
-111.234641,50.937468,train,0.0014615193956441692,40.60191641594213,0.7302245927240346
-103.012172,49.026848,train,0.0013267359803699485,34.353258763682305,0.6955779292813395
-116.164494,62.654076,train,4.6524807928721065E-6,0.36415792396866487,0.004161988026442742
-107.56333,49.196914,train,0.00226531235122271,78.93784554085754,0.8687587730883373
-107.535199,49.346146,train,0.0018612601074830984,59.229616611182834,0.8114721127971124
-106.548679,49.04553,train,0.0026644197225173297,88.94171549081328,0.9082322471619886
-106.488872,49.041063,train,0.002247491933023961,78.09376319231686,0.8666453654133334
-105.00954,50.259577,train,0.00199157784579782,65.40529167681619,0.8322585489278458
-119.683973,49.326854,train,0.0016160285442883033,48.761049945368526,0.765118414336627
-107.555104,49.286502,train,0.0018730467960741159,60.364492817692195,0.8134536243590846
-119.411155,49.358719,train,2.1402388704148633E-4,10.303954798500714,0.17457735444465494
-109.112828,49.137607,train,0.0017502741219489347,53.26810830761809,0.7917502053816732
-119.679959,49.269016,train,0.0011349006845912644,28.57437611767127,0.638455873705607
-124.9333,49.6833,train,7.983345710229749E-4,22.17969110463205,0.5111304593440995
-120.0,49.4167,train,2.1475948696785452E-4,10.338391528694654,0.17512147664545186
-80.296331,43.737243,train,1.9263615083630538E-4,9.478526674448272,0.1585989741954167
-80.37818,43.792439,train,1.7967677652394799E-4,8.830934847595953,0.14876715794397544
-119.466667,49.033333,train,0.0039679700260572435,99.58177279885325,0.9714771535957103
-122.211215,49.156783,train,0.0017638564106933225,53.79544804873718,0.794270422011566
-106.4509,52.9399,train,1.3168254370094767E-4,6.899380401351994,0.11134446526138309
-101.6275,49.1755,train,7.638992892519072E-4,21.47543709488916,0.495804114410889
-123.070377,49.211469,train,9.039527857384046E-4,23.445898640632088,0.5552931958187444
-107.256507,49.049782,train,0.0026756483749715886,89.74293616325224,0.9091513315268351
-119.65503,49.264845,train,0.0016668210040839367,50.86969623855737,0.775573318653313
-119.756722,49.250418,train,9.712121311058648E-4,24.74172420693287,0.5813140222888088
-107.373935,49.015886,train,0.002864917733655891,93.34067681191495,0.9233287823372123
-107.253399,49.173064,train,0.002288120889111448,79.90886710270658,0.8714149497993797
-107.441063,49.341539,train,0.001528965720165493,44.32934608766524,0.7460523466507514
-107.508746,49.393493,train,0.00168814262616942,51.54160957967948,0.7798221789704267
-65.458232,43.591654,train,6.886021477349641E-4,20.009660046034554,0.46059629589065576
-107.347468,49.091943,train,0.002708712420363819,90.55361464550775,0.9118045669721304
-107.318642,49.039546,train,0.0028955294420814964,93.64069347299919,0.9254041558252863
-107.067863,49.051404,train,0.0026546165581514524,88.67521882329869,0.9074222422878617
-65.477306,43.564974,train,7.018762655475808E-4,20.313209110772146,0.46697687052071035
-112.286915,49.314561,train,0.001184962057687882,30.075002556845103,0.654322228279038
-107.368617,49.069622,train,0.002841795099299167,93.06458834415604,0.9217229505019866
-107.325343,49.092755,train,0.002686230545503431,90.01181741394915,0.9100090733811272
-107.22095,49.107769,train,0.002194541860311097,75.87382368512208,0.8601628395371386
-109.508717,49.039336,train,0.0038055748213758488,98.01286265127474,0.9670074074643755
-107.590646,49.14805,train,0.002198206147024249,76.3125949815485,0.8606214252539184
-107.310318,49.042017,train,0.002806579513066473,92.21748866399108,0.9192124285142219
-112.825755,50.13227,train,0.001110754460283211,27.7222358422234,0.6305447006006499
-107.170561,49.103877,train,0.0021485314921848324,73.26467818174864,0.854274578937958
-107.597101,49.262149,train,0.0018715804402095833,60.17765246669055,0.8132082477047431
-112.171669,49.676723,train,0.0012950930576683234,33.82684525368007,0.6868190516525119
-120.578922,50.638853,train,0.0016008100587194122,48.253178892216475,0.7618920918686057
-119.767506,49.32298,train,0.0014286921428074144,39.72006763783385,0.7221677612177848
-107.51642,49.062575,train,0.002353026919482274,82.08732073967688,0.8786830980351231
-119.435402,49.084329,train,0.0016979204660542738,51.88063409099621,0.7817436600098264
-107.511645,49.111043,train,0.0022751846505753254,79.22421580550484,0.8699151245392986
-79.328467,43.718257,train,6.284581956714424E-4,18.789400900866667,0.4307158097153445
-107.048304,49.187641,train,0.001957577946251679,64.41573725439991,0.827067264547457
-120.517357,50.60051,train,0.0011133367660102846,27.949089032132623,0.631398957624047
-107.464636,49.190591,train,0.002248761167963198,78.31836074456669,0.8667970092137942
-111.25,50.5,train,0.0018235610824554117,56.66450506569366,0.8049919422330011
-112.083,51.15,train,0.001419955634724487,39.01524829437788,0.7199833024591911
-111.55,50.083,train,0.0019264464657852624,62.277433627197524,0.8221731661798997
-111.417,50.1,train,0.0020115458472531834,66.4078203474687,0.8352344288454917
-108.583,49.5,train,0.0011852193538182698,30.08075032786405,0.6544019499140856
-113.283,50.95,train,9.549633980897763E-4,24.443531646888797,0.5751707989636226
-111.883,50.583,train,0.001479016362443391,41.33183465769301,0.734423006094199
-97.233,49.883,train,3.099819123652569E-4,12.776971331914917,0.24261260563446296
-114.083,51.05,train,7.792227751920116E-4,21.859494466769352,0.5026826976164649
-114.333,51.6,train,1.9575571692303647E-4,9.664037700898062,0.16094867025463944
-113.217,51.833,train,3.562817948621644E-4,13.929822156609413,0.27340461207581435
-119.66666,49.317223,train,0.002067300735611824,69.26085594812244,0.8432671551462037
-81.971855,42.267677,train,3.4537516892375273E-4,13.655850264931024,0.26626574266027636
-123.3,48.43333,train,0.002798719573521589,91.65641843150635,0.9186411916280375
-120.06667,49.35,train,0.001355573846604937,35.83207185685097,0.7033468261564321
-115.76667,49.78333,train,0.0011088578518084011,27.555155803424352,0.6299160194988609
-119.83333,49.2,train,0.0014007297687972393,38.309776080983106,0.7151154289265471
-123.16667,49.18333,train,0.0027269815657037033,91.09744463385141,0.9132371984496156
-119.45,49.03333,train,0.003700835399419238,97.63226795704804,0.9637595553790321
-121.95,49.16667,train,0.0021025422242603553,71.34930142414954,0.8481412480165968
-76.3783,45.41267,train,7.768214641543781E-4,21.796338486466116,0.5016110029200386
-76.38133,45.439175,train,7.644887218723026E-4,21.486235722996792,0.4960704568076738
-107.711405,49.227628,train,0.0019092840443703369,60.93548290136959,0.8194161294973085
-107.267704,49.090662,train,0.00244188718866428,84.64565137813494,0.8879720735799854
-107.232984,49.177905,train,0.002127564976268846,72.40776234697606,0.8515097333186519
-106.519167,50.971803,train,0.00137964051082406,37.406451985748156,0.7096783768080626
-111.432165,49.535914,train,0.0018550986232921721,58.61616616317034,0.8104279157607007
-107.432713,49.288161,train,0.001864297726363862,59.616674608380585,0.8119847844320301
-110.867856,49.358118,train,0.0021637757023126336,74.34257994137403,0.8562524490388971
-107.545789,49.399812,train,0.0017491062641561256,53.09129713784287,0.7915320713268608
-120.590773,50.704187,train,0.0021662946054830834,74.56040819804826,0.856576671623749
-120.495026,50.711519,train,0.0020155924723442528,66.60999032876859,0.8358310429754411
-119.740798,49.352923,train,0.0012452134216049996,31.55111938901832,0.6724976371629623
-111.237552,50.619087,train,0.0014909180665153119,41.62934933720088,0.7372414308830821
-107.71091,49.015246,train,0.002357965631042983,82.46344529247575,0.879219012567223
-107.591339,49.385376,train,0.0017706272032503609,54.32570824856301,0.7955153392567367
-107.795004,49.619516,train,0.001217829627853491,30.713640953927904,0.6643586371481975
-120.405611,50.711608,train,0.0023658711478120164,82.70055253234696,0.8800719406952717
-79.347493,43.722747,train,6.731494335440486E-4,19.558484638303035,0.4530722443564834
-119.705951,49.383095,train,0.0015970306003379976,48.09312177199736,0.7610839997415362
-107.573807,49.35831,train,0.0018686496514288067,59.916639759329385,0.8127168485322906
-107.586921,49.20761,train,0.002196442483555273,76.09356131578389,0.8604008906871011
-120.62084,50.03457,train,0.0012508397100898306,32.02571208366013,0.6741452806893748
-119.453154,49.394702,train,1.1798444148526705E-4,6.430414559669676,0.10036491321419239
-111.07525,50.272781,train,0.0020178456739244803,66.8111678984514,0.8361623068869903
-107.301279,49.174492,train,0.0024869360693850566,87.1154617535199,0.8924060378358902
-120.482446,50.993304,train,3.5635394108019555E-5,2.373258496435274,0.031440166173069106
-79.233988,43.744801,train,5.938534441280355E-4,18.295677514489526,0.4127792150907813
-120.508019,50.643105,train,0.0017655459958653582,54.01289638295086,0.7945817868341113
-73.396164,45.52495,train,5.581506164563117E-4,17.735657435625384,0.39368094455143554
-110.457159,49.155302,train,0.0026739228854832566,89.47606892890754,0.9090106981568694
-122.073832,49.157952,train,0.0018540167328435749,58.50037718672154,0.8102439699666739
-76.200873,45.521843,train,6.69928386836599E-4,19.46327892888591,0.45149072060821516
-107.407847,49.375328,train,0.0014941876937601417,42.325420067956905,0.7380104557722662
-79.336276,43.672679,train,8.055512141586431E-4,22.26375480508615,0.5142828915104267
-106.537157,49.153092,train,0.0020609300479729614,68.84746287578263,0.8423695018972288
-107.229527,49.056445,train,0.002474723826656269,86.12271981224856,0.8912216762828145
-107.598957,49.226708,train,0.0019182326965952318,61.51015981815701,0.8208589668718734
-106.580322,49.470378,train,0.001646204613611693,50.040832542069396,0.771387040789361
-120.435662,50.781951,train,0.0012531740347165943,32.169622637355694,0.6748264459964364
-120.52452,50.797883,train,8.097654523196434E-4,22.316478448602638,0.5161143790386435
-68.06618,48.657373,train,8.29212467259434E-5,4.842179327055797,0.0716384136740047
-68.157229,48.447393,train,1.0863825531199841E-5,0.8137832965011254,0.009691507214876438
-100.564237,49.093372,train,5.537737615519792E-4,17.635654387983298,0.3912973234814451
-123.186072,49.226871,train,0.001513076470995837,43.27750506683791,0.7424092908851692
-112.668655,49.659536,train,0.0012489330737153652,31.79415475283583,0.6735878579768225
-110.209791,49.002245,train,0.003173530297894549,94.88089941777261,0.9418588594772102
-110.900619,50.561406,train,0.0018132529970993163,56.29702214610759,0.8031816018088649
-108.939621,49.880371,train,9.13922561800385E-4,23.790794636461847,0.5592499719873266
-104.606605,50.454838,train,0.001561866078553466,46.09578997013026,0.7534327105292735
-103.667503,50.533741,train,3.4243629981955194E-4,13.592785559510702,0.26433015512214575
-107.650314,51.311348,train,0.0010691181778042682,26.252095792676883,0.6164944027170972
-99.602669,49.710339,train,3.715304474906602E-4,14.280413279972027,0.2832692412732908
-111.435199,50.013173,train,0.0020730212100596346,69.67510247529289,0.8440688342617757
-104.481935,50.38717,train,7.537138509000641E-4,21.28883444616908,0.49117940129784854
-104.244645,49.689191,train,0.0013978895837786036,38.17839431603871,0.714389172278185
-119.673746,49.5111,train,0.0013469752319845,35.290727732281965,0.701051343925714
-119.5352,49.1001,train,0.0031580451061542464,94.56350320602074,0.9410461421188442
-110.240179,49.075355,train,0.0033052061278172644,95.8651130292414,0.948332242716731
-120.266537,50.565502,train,0.001347942506074711,35.41479904046501,0.7013104511115793
-120.228592,50.443224,train,0.0012230711518169592,31.05431167047764,0.665932021081098
-110.256017,49.005079,train,0.0032889243582700416,95.53475941136595,0.9475725883383128
-123.238372,49.375753,train,5.2406636991985003E-5,3.240282451860267,0.04589298912976303
-105.06069,50.0652,train,0.0022870543738413686,79.6809119946827,0.8712919549985122
-111.3583,50.49985,train,0.0018317045325119293,57.34920996757636,0.8064103409522678
-111.3147,50.49931,train,0.0018318593539094763,57.39317881109981,0.8064372070490091
-110.30809,50.94236,train,0.0022140560549218603,77.19630666139399,0.8625877835332267
-110.6995,50.26059,train,0.002007864796280438,66.0621274632109,0.8346898301188892
-104.78593,49.87296,train,0.0015201528054284287,43.88424269694457,0.7440381494245056
-111.67915,51.20759,train,0.0011670798114001204,29.60337661005846,0.6487362312512063
-112.80278,51.59045,train,5.529996948878808E-4,17.61796839491751,0.39087479514753276
-104.44071,49.91316,train,0.0013490813039203488,35.56094148543084,0.7016152171555711
-110.52293,50.57603,train,0.002050137728641279,68.64130200351823,0.8408370772425113
-105.9918,49.6336,train,0.00180469312485448,55.88029851138276,0.8016655226560003
-104.0,50.16667,train,5.654674785451352E-4,18.005530636435324,0.3976448577950147
-105.06667,50.01667,train,0.0021877346554914764,75.20420765044528,0.8593069085497014
-102.95376,49.19165,train,0.0010990490757965552,27.012869648369023,0.6266475273306038
-105.53333,50.4,train,0.00188384180717744,60.55190110269483,0.8152501433967418
-104.3,50.3,train,6.469811494343448E-4,18.970763645042663,0.4400905718389857
-105.71667,50.4,train,0.0016925964501813484,51.69601413664416,0.7806995059874601
-104.53333,50.25,train,0.0011041903718130121,27.343454761175593,0.6283643000212504
-111.08698,50.22208,train,0.002088327998156745,70.09222917073525,0.8461938510335356
-111.19708,50.10694,train,0.0022369532900491126,77.64401326594542,0.8653795585623074
-111.32772,50.41547,train,0.001955073560818832,64.02518133444794,0.8266785887062962
-111.05862,50.37372,train,0.0019437144900868511,63.44204771893784,0.8249046867105702
-106.43333,51.63333,train,4.692729494878878E-4,16.14155879787388,0.34339678537205054
-105.26667,50.16667,train,0.0021536455627461145,73.63936682267848,0.8549411224185771
-108.77087,50.83384,train,0.0020661163065746127,69.05392556335006,0.8431006524707536
-108.33506,50.89942,train,0.00184628089630597,57.992989883938634,0.8089234919718018
-111.55333,51.03729,train,0.0014680922561468627,40.8889498534497,0.7318094841019048
-111.61002,51.09677,train,0.0012509907814907378,32.044009467960436,0.674189407083283
-111.54082,51.82759,train,4.5633646990424253E-4,15.9213721816252,0.3357379747846996
-108.47892,50.97898,train,0.0018003214572155728,55.753882604434,0.8008867365569702
-104.82373,49.07018,train,0.0029492538981997288,93.93563140849126,0.9289116117496414
-109.67868,51.10287,train,0.0016328789206714795,49.64203125418713,0.7686397237693626
-109.33002,50.50677,train,0.0015741236310418015,46.826908068259435,0.7561272027236943
-111.3218,50.92208,train,0.001495062857335794,42.52584816232998,0.7382159144167304
-104.93713,50.02331,train,0.0018673758986917652,59.803324708423496,0.812502878287366
-105.259285,50.166308,train,0.0020698004583274213,69.44190324594007,0.8436179772285759
-104.963702,50.118115,train,0.0018574946293448574,58.87227422570487,0.8108346563809697
-104.93333,50.18333,train,0.0017487024543395937,52.919027312968815,0.7914565940358227
-110.75511,50.51119,train,0.00193168625738659,62.83350704007896,0.8230064890611862
-111.54142,50.35465,train,0.0018498428131904746,58.146706404893266,0.8095326352737396
-104.94318,50.07287,train,0.0018274040937736077,56.84418524694996,0.805662595321563
-109.94036,50.10063,train,0.0015046299957139479,43.126260294659595,0.7404514720230024
-112.64619,50.07758,train,0.0013407525684715812,34.77589852920188,0.6993790740740231
-111.58419,50.4198,train,0.0016130921801216095,48.57521191558655,0.7644993266364687
-111.36822,50.29287,train,0.002007265720340101,66.00567468115594,0.8346010287533004
-112.28667,50.58801,train,0.0015282738317496684,44.28711516546442,0.7458947900777119
-109.34936,50.2386,train,0.0013662050971456018,36.784553622411174,0.706160586428471
-109.85482,49.21979,train,0.0035291656075906327,96.55456518207647,0.9577304258204279
-112.43309,50.71712,train,0.001309982414097932,34.088234974489005,0.6909714374935781
-108.65343,50.78328,train,0.001790418791775076,55.39457901412329,0.7991113090451589
-111.96483,49.07551,train,0.0020896878367501013,70.55009286754246,0.8463812287557008
-105.226482,50.161025,train,0.0021218166820071833,72.194762652056,0.850742587373974
-112.46709,50.68759,train,0.0013318264177684552,34.61916846950272,0.6969639262609071
-111.51971,51.06703,train,0.0014202556423040978,39.06597383892,0.7200585997466806
-111.49408,51.05188,train,0.0014756333325910466,41.03675970757183,0.7336163720276399
-109.72464,51.06768,train,0.0020380398140701058,68.21706208439603,0.8391015513556696
-109.34461,50.51229,train,0.00154035753411685,44.91028166290464,0.7486324851638498
-109.37146,50.86367,train,0.0015005352614006285,42.82508536206495,0.7394970000194805
-109.74866,51.0377,train,0.001838679008858146,57.76047297756768,0.8076169272582719
-111.61286,51.21224,train,0.0011410410068659978,28.802128929874193,0.6404405026658558
-111.140918,49.420617,train,0.001956737108299922,64.28460957913406,0.826936865392404
-111.34018,50.24863,train,0.002087338069092481,69.88379049835214,0.8460573009217198
-111.0,50.0,train,0.0017546084957509873,53.46790482425796,0.7925577919051525
-104.58871,49.07087,train,0.002712840162490342,90.82474281072113,0.9121303113813344
-105.5222,49.02129,train,0.003543990124294801,97.26219556527039,0.9582884428467988
-108.79207,51.06809,train,0.0016222507074089448,49.060782543028616,0.7664248899107569
-112.46844,50.90067,train,0.0011362115646341333,28.622995090742688,0.6388804841617621
-109.04073,51.15579,train,0.001289159269850715,33.65818317853703,0.6851487131139066
-108.44044,50.95315,train,0.001812834839850996,56.11768275687844,0.8031078099762627
-109.69468,49.08672,train,0.0038764751274864674,98.40045716916812,0.9690390991167054
-111.34628,50.39682,train,0.001913934993045511,61.31750314607376,0.8201674704128086
-110.77398,50.31613,train,0.0019465773965876806,63.59486174744301,0.8253534797227393
-109.7203,50.819749,train,0.0014653171310131281,40.76779299163548,0.7311414665458034
-112.45622,50.69737,train,0.0013441738201225963,35.02225797960385,0.700299650801872
-109.75863,51.065,train,0.001987979580219332,65.26123227558882,0.831716603186067
-112.37614,50.99342,train,0.0011346797428451682,28.567845935947908,0.638384258758689
-109.29391,51.06661,train,0.0012229846953337971,31.051513089139217,0.6659061287699165
-104.56066,49.04177,train,0.002482744963833937,86.62022698815912,0.8920010386346043
-111.8509,50.93599,train,0.0016544778933693385,50.405459617375726,0.773076278041233
-107.93435,51.25006,train,0.0010328285372305874,26.05685931718718,0.6038132356255852
-109.60882,49.11634,train,0.00394335086540754,99.18498969364896,0.9708406676052593
-108.98118,51.13333,train,0.001269608850446806,32.80338874783834,0.6795820574285323
-104.482717,49.860797,train,0.0014935856131425087,42.07554101525383,0.7378690140991748
-112.283648,50.565119,train,0.0016058736734621292,48.38591181554708,0.7629704691745804
-103.994718,49.770767,train,0.0013538397104529045,35.75959312080395,0.7028853052548354
-104.535383,49.856037,train,0.0015148907848796542,43.58057930977649,0.742827902299213
-104.597236,49.916234,train,0.00164324408598824,49.88183162789211,0.7707795104673177
-104.531986,49.883699,train,0.0014498340054357637,40.30381233144852,0.7273837721243587
-111.88417,50.99473,train,0.0016566257654737097,50.536512877714664,0.7735127856837509
-108.40787,51.19958,train,0.0012008845209894267,30.296773058563485,0.6592212290667624
-111.73922,51.26988,train,9.594052890379172E-4,24.545088480749556,0.576859059449746
-112.40512,50.63638,train,0.001434452778857387,40.01402116110715,0.7235988077931009
-108.39378,50.6589,train,0.0014943113077492906,42.37644632298594,0.7380394859096887
-107.972999,51.50272,train,9.642484069195245E-4,24.625747643983946,0.5786921724674715
-111.81299,51.09637,train,0.0014054845625288595,38.590685074020875,0.7163271340549657
-108.35968,50.61552,train,0.0013883050460186056,37.7510232280193,0.7119246402188528
-111.400772,51.038062,train,0.0015795589385880387,47.299724327842725,0.7573125659508163
-108.61232,50.634663,train,0.0011420536560478294,28.855378911807747,0.6407667554652204
-110.65917,50.45238,train,0.0020297955568221674,67.62134427394763,0.8379080283988188
-111.67822,51.23279,train,0.0010985200439451897,26.999966384661395,0.6264704245375128
-111.77153,51.26995,train,9.207261699302142E-4,23.87565388168919,0.561929939307922
-110.62235,50.48579,train,0.0022079567929154725,76.7540380990169,0.8618344071034796
-108.76299,50.8304,train,0.0019816444829641048,65.0076016590047,0.8307581963550871
-107.808718,51.602596,train,6.275280684325841E-4,18.771953864874654,0.43024094037578564
-110.82974,50.29899,train,0.00195345363205465,63.82955700226018,0.8264267136969637
-111.33329,50.23099,train,0.002111514605379529,71.77158191222017,0.8493577805355733
-106.80124,50.01808,train,0.0014929364875969167,41.80997556489969,0.737716435016609
-104.36667,50.93333,train,3.5436404752306754E-4,13.876674692855211,0.27215441361428305
-104.28333,49.45,train,0.0010761673813807356,26.445257353927072,0.6189102076293811
-102.17601,51.13281,train,9.225884758664984E-5,5.24513008919025,0.07937692913919114
-106.8,51.45,train,7.485757615434882E-4,21.14048692466077,0.48883037178665056
-104.582458,49.65098,train,0.0012305616860025027,31.296753080927374,0.6681677128318291
-109.3987,51.13302,train,0.0011090800852315739,27.565239682656216,0.6299897399486643
-108.46798,50.68871,train,0.0014144428807751843,38.87343912758227,0.7185960750410234
-104.0,50.0,train,9.468449319502385E-4,24.257912780959394,0.5720677315301548
-104.63312,49.92257,train,0.0015805764873479732,47.429026524958495,0.7575338377318916
-111.58332,50.98059,train,0.0015471486607007445,45.265572098866286,0.7501581223388873
-105.0,50.0,train,0.002110025114448022,71.56010364299264,0.8491565026237713
-110.21497,51.10261,train,0.0014569901247736715,40.47983451650499,0.7291270177689979
-111.1775,50.39239,train,0.001971122056099331,64.8092964615885,0.8291542308070647
-110.04933,50.11152,train,0.001544166842639898,45.11636281596231,0.7494893958629438
-112.13746,49.28301,train,0.0013459526233178247,35.19272732771373,0.7007771696383683
-112.27245,50.53414,train,0.001583380197550092,47.77452462160694,0.7581424772942069
-111.7401,51.15405,train,0.001202651849676058,30.321154033641527,0.659760699254851
-111.01922,50.59873,train,0.001625668254231204,49.38537305800835,0.7671393821567943
-110.95071,50.28218,train,0.001931839743150842,62.85673894780531,0.8230308400802748
-111.12818,50.29987,train,0.0020337012787745557,68.02829791086064,0.8384745602558299
-104.58333,49.16667,train,0.0021412317119352967,72.83611207001765,0.8533178510672972
-107.2314,51.00502,train,0.0010008961967420207,25.412191651613988,0.5923083302148957
-112.167384,50.58777,train,0.0015045313651321159,43.119003684983234,0.7404285226440277
-122.349896,49.010887,train,0.0011673717415275758,29.60893385003687,0.64882814426797
-77.6374,49.776012,train,4.421674109002571E-6,0.34534993026321675,0.003955923334846845
-71.14896,48.42422,train,2.3759389276827183E-4,11.166740597619798,0.19183484286604302
-110.045242,49.946553,train,0.0016619081227508344,50.70918970780685,0.774582739861989
-119.349998,50.366699,train,4.1031242748973786E-4,15.121656850699946,0.30775875598533475
-102.769575,49.789978,train,4.0529100116092195E-4,15.041338586885852,0.30463566975743783
-98.0,50.0833,train,2.6266412395169636E-4,11.859110662376727,0.20979495368815904
-100.633,49.7667,train,3.781562147786706E-4,14.514472517943187,0.28751372295067334
-97.3186,49.8781,train,2.637218142260285E-4,11.88191295581046,0.2105438367526581
-100.933,49.85,train,3.6241604266452123E-4,14.077253313361139,0.2773891868633961
-112.083,49.15,train,0.0017377701307269666,52.56927313772004,0.7894027837043793
-100.75,49.6667,train,3.90828922997511E-4,14.719745035236372,0.2955620012121991
-77.6667,49.75,train,4.205950725445492E-6,0.32777104575243315,0.003763286494234519
-71.1833,48.4167,train,2.444082186110356E-4,11.455349662627848,0.1967565842894794
-100.317,49.2333,train,3.1530427941756724E-4,12.87132791676125,0.24621763518962214
-123.15169,49.23825,train,0.0011453863105635568,29.030625972623287,0.6418383730121865
-82.732801,41.938902,train,7.459169670039197E-4,21.063722264388442,0.4876105705882535
-112.767222,51.660278,train,4.942623276670281E-4,16.6782596817872,0.3579421524175347
-123.082198,49.090368,train,0.0024291415958909517,83.42835186622469,0.8866847393310545
-111.16433,50.504593,train,0.0016819991821772256,51.34623168182051,0.7786062632453311
-123.107226,49.162123,train,0.0031211626090447823,94.24776292473358,0.939064371275613
-109.717392,49.600037,train,4.920719000402157E-4,16.609241280133304,0.3566801764122186
-123.95977,49.202794,train,7.726743900725833E-4,21.687346346912395,0.49975474068011994
-111.591179,50.307258,test,0.0019465765970175448,63.59483449360185,0.825353354541793
-115.743168,49.996502,test,8.709015156884318E-4,22.88321682427163,0.5419200637679162
-76.34969,45.43005,test,0.0010210625291465353,25.787166941004326,0.5996123287139293
-110.30064,50.70217,test,0.0017210983159351427,52.246567799435,0.7862317091884101
-104.944137,50.102341,test,0.0018226402775519286,56.62146358070065,0.8048309069617827
-107.546633,49.055725,test,0.0023778613493683786,82.75312721382156,0.8813540851105532
-66.79609,44.6708,test,3.955458648544303E-4,14.815550404791548,0.29853439945580684
-105.11188,49.40675,test,0.003440879741192277,96.36516776979502,0.9542491401607046
-108.08213,50.86461,test,0.0014609590474142869,40.5774598358342,0.7300890453788513
-105.23333,51.08333,test,7.858824554558333E-4,22.03464154441722,0.5056428413218168
-111.26632,50.38772,test,0.0019454248943670523,63.555577998519276,0.8251729504445001
-122.0,51.0,test,2.1214407019099423E-4,10.232486721817898,0.17318522548896242
-119.745994,49.397164,test,0.001246781016516105,31.653470471355377,0.6729575385759552
-102.44838,51.36981,test,1.0230568978593797E-4,5.703974406259336,0.0876312008643716
-113.05,49.8833,test,0.0010965873263790267,26.95282675712442,0.6258226986756605
-79.384609,43.611815,test,7.608969051801739E-4,21.420432285339963,0.4944452638693285
-107.93446,51.24929,test,0.0010425532191330983,26.109177625935647,0.6072520229108718
-120.556021,50.767185,test,0.0012100953597652048,30.464551775689397,0.6620234446320498
-111.35672,50.5425,test,0.0016178381708784604,48.875578464674945,0.7654991357451686
-111.338753,51.299088,test,8.651444265422416E-4,22.785932976751926,0.5395498530785874
-109.6928,51.06784,test,0.0016804557731158844,51.29717774420318,0.7782997364652138
-111.264363,50.205186,test,0.002191434970879111,75.60596321581674,0.8597728302994739
-111.37099,51.00937,test,0.0016326555026083128,49.6369655682638,0.768593382050212
-108.68705,50.79136,test,0.0016685674811922483,50.96027682848252,0.7759244091173974
-112.883,49.967,test,0.0011249830282057767,28.281475658128148,0.6352272016248344
-110.83659,50.29159,test,0.0019293306025423883,62.497184899812815,0.8226323360835731
-80.220275,43.704545,test,1.9310918594915235E-4,9.512960265943056,0.15895569292420142
-107.463039,49.126227,test,0.002209203088775294,76.84434183009692,0.8619886837000116
-119.724904,49.27569,test,0.001009356805260663,25.493304918266578,0.5953887443886832
-119.549999,49.183332,test,0.0028608788751000873,93.30109019061841,0.9230506835995064
-110.815436,50.209607,test,0.0018993488834232154,60.785339357641135,0.817800615046265
-89.21512,48.34567,test,1.37309710026954E-4,7.108692056563671,0.11581593044519944
-65.41165,43.522167,test,6.684061413471776E-4,19.417965673429794,0.45074171235795957
-121.0,52.0,test,2.3883242614820165E-4,11.204899112286808,0.19273162787793752
-104.715811,49.945438,test,0.0018170311073973568,56.42759912813726,0.8038470690180766
-108.5042,51.1428,test,0.0015226093264406044,43.987645075947306,0.7446011893603082
-120.493037,50.6638,test,0.0016701900182538789,51.04040103851407,0.7762500920086072
-97.836983,49.355831,test,3.246678554830458E-4,13.046388882021267,0.25251832142921604
-108.93462,51.09439,test,0.0014146367178185608,38.87842535948526,0.7186449685006882
-122.911321,49.088726,test,0.0013672733641890043,36.81505540903931,0.7064418435450552
-79.395284,43.785791,test,3.8195060051451104E-4,14.578226318257038,0.2899330866027181
-108.7289,50.82224,test,0.0020946290027768787,70.84821463624601,0.8470601725392135
-107.8,50.2833,test,0.001012200696198004,25.520584044470983,0.5964189383434184
-106.430079,49.126812,test,0.001964172027247591,64.67551454452469,0.8280864896056545
-123.580739,48.455181,test,1.3519825417171E-4,6.992527254299743,0.11414076639260706
-68.198324,48.638008,test,1.5759682067780084E-4,8.055128342467198,0.131750537574563
-102.983,49.1333,test,0.00119599973140146,30.229413509312334,0.6577257126499773
-103.66667,49.18333,test,0.0017138882033895858,52.18212485743678,0.7848455561684641
-107.481081,49.251259,test,0.0020056542149816704,65.78178082580021,0.834361917583744
-107.717331,51.516716,test,7.17480803855894E-4,20.514180587852163,0.4743811792508078
-119.7518,49.38467,test,9.376895473121315E-4,24.094845376904832,0.5685411282566701
-104.00235,49.47213,test,0.001382427773816704,37.57458222618644,0.7104028735725545
-112.5,51.5,test,6.193351519279356E-4,18.618258240800223,0.42604096109820155
-103.85,49.66667,test,0.001434016553399026,39.98968136149419,0.7234906998981757
-112.78736,51.59054,test,4.840338703549769E-4,16.421857079373897,0.35202791904459807
-109.12337,49.3697,test,0.0014102484679010545,38.74105857971428,0.7175359926025298
-109.580588,49.008725,test,0.0038255520189720985,98.12207307215922,0.9675929920433384
-109.14491,51.12532,test,0.0012998888323103792,33.91103870478892,0.6881625664855537
-108.29029,50.61041,test,0.0014025927541223364,38.41988702743082,0.7155908050212276
-111.583,51.1,test,0.001253237087075868,32.17325034603942,0.6748448251648986
-105.847293,49.451146,test,0.002477794865823845,86.2916052051573,0.89152073166313
-111.45379,50.92148,test,0.0014965677154410962,42.60813549347257,0.7385688272602626
-111.758497,50.533148,test,0.0016737510666341928,51.12947332634755,0.7769632229900844
-108.99269,51.07193,test,0.0017061012617503196,52.11252630051661,0.7833384095682415
-110.343592,49.048371,test,0.0031969758530885376,94.98209513587183,0.9430680917561538
-120.31667,50.66667,test,0.002459590010650229,85.38195705298904,0.8897358718212054
-105.367,49.4667,test,0.0031285702606605103,94.31117046450215,0.9394676750123104
-107.477451,49.292749,test,0.0018910728307934385,60.660754474384035,0.816443852854727
-107.24907,49.14601,test,0.0020756054724846997,69.71277167461349,0.8444296522304962
-111.51657,51.03655,test,0.0015205335247648558,43.900268322177894,0.7441254923311816
-110.253,50.718,test,0.0016899910711001378,51.605691213762164,0.7801867162019743
-108.58484,50.81969,test,0.0018313751302666654,57.255660651992365,0.8063531675014248
-119.604996,49.370556,test,0.002217575813815623,77.23157164377473,0.8630206708465111
-73.55,45.46667,test,6.972396740812541E-4,20.24006033952181,0.464756786918325
-111.41,49.56,test,0.0018186869257990812,56.484826618239524,0.8041380112716885
-107.552352,49.325223,test,0.0019422624854252765,63.345534494606866,0.8246766279379792
-107.421661,49.387415,test,0.0015436136232257988,45.08867988213405,0.7493651297271513
-118.083,52.883,test,3.5206511654056993E-4,13.812963301591726,0.2706528824687915
-105.20731,49.69381,test,0.002744921875232486,91.17535940064717,0.9146213941565209
-111.37922,50.53829,test,0.0017091409846027902,52.13969490325821,0.7839279938698037
-106.531845,49.189462,test,0.0018596569833251569,58.98993353484826,0.8112009835094226
-109.183,49.3667,test,0.0014425714756294168,40.166969911430584,0.7256031338941613
-106.510325,49.101033,test,0.002166391140378379,74.56176528910821,0.8565890826275425
-107.654554,49.154302,test,0.0021573269223072247,73.9339379327863,0.8554190451728172
-108.45695,50.55824,test,0.0012840286944016798,33.295402893703134,0.6836972960554168
-123.106041,49.215858,test,0.0011553005716307308,29.38009222940306,0.645007447892059
-104.41667,50.46667,test,5.209408309241265E-4,16.9278471714832,0.3731152522273532
-123.006874,49.324107,test,6.098565659313248E-4,18.478993378520972,0.4211432582540008
-119.35,50.2333,test,9.63563569748927E-4,24.61434210018292,0.5784334454737273
-104.48651,49.89364,test,0.0014095657700945868,38.7195091041334,0.7173630722559904
-104.757913,49.948951,test,0.0018485270361621254,58.061691873002346,0.8093078434039203
-111.412029,49.588328,test,0.0018041277026566713,55.863948146751014,0.8015649678776685
-105.1578,50.3346,test,0.0019643589233610966,64.67911215243866,0.8281152898035018
-104.51667,49.98333,test,0.0014357548937504036,40.03855180330955,0.7239212540550424
-107.71197,49.402909,test,0.0016430880794492224,49.87350936825038,0.7707474515996068
-112.48594,50.71479,test,0.0013180652959891832,34.21609766065627,0.6932025114507931
-109.46182,49.020684,test,0.0037144803273961914,97.6818436802092,0.9642001436471883
-107.719752,49.056498,test,0.0023374304909267846,81.58206902662577,0.8769750205162652
-107.598178,49.045353,test,0.0024482014154536104,84.91115338641627,0.8886043973409328
-112.23819,51.00831,test,0.0012082493411220644,30.42898859353014,0.6614636823571554
-107.405825,49.157951,test,0.0024835276645603067,86.85982943393681,0.8920767889660428
-107.554112,49.236259,test,0.0019503587927400974,63.723752967237594,0.8259444937800708
-112.29508,50.5459,test,0.001652967148740652,50.31334001481621,0.7727687486389312
-107.410174,49.261249,test,0.001721508964365543,52.25023811564917,0.7863103875107382
-108.4929,51.13929,test,0.0014399173347818136,40.11696834871404,0.7249494896482875
-107.365085,49.191171,test,0.002523550018254636,87.4461521560051,0.8958801855592544
-79.62917,43.843994,test,2.0912922787006652E-4,10.153509916494054,0.17094763089126486
-111.252336,51.095453,test,0.001364587220785414,36.47504707007879,0.7057341130523935
-109.462448,50.065764,test,0.0013246622985274015,34.32045529900081,0.6950115027879338
-112.5046,51.05246,test,8.791856153593692E-4,23.02320233930553,0.5453092589230675
-104.00285,49.28045,test,0.001452636475223382,40.372745901764794,0.7280677921288896
-111.595436,49.1663,test,0.0019295989211378162,62.517644745535684,0.8226749935012322
-111.40025,51.0675,test,0.0015288664526184386,44.32009130643318,0.7460297474858599
-104.598917,49.918497,test,0.0015274695321819808,44.242360251618386,0.7457115124090786
-79.313264,43.605329,test,8.379580797386368E-4,22.62984450375638,0.5281903881920879
-79.025593,43.871289,test,8.946366277635488E-4,23.286779417058877,0.551563727402534
-106.432342,49.174134,test,0.0018780437244797455,60.45210287738095,0.8142873807551844
-104.22612,49.06077,test,0.0018832433595529722,60.542892275568526,0.815151003530376
-108.92877,49.29802,test,0.001358376517508534,36.00945306191187,0.7040912104900185
-107.98333,51.56667,test,9.391025289909418E-4,24.120012124501784,0.56908729152116
-107.667659,49.160245,test,0.0020525146038273476,68.6867237755007,0.8411758490458023
-107.410236,49.362651,test,0.0013808374532933577,37.52666006307081,0.7099897213505684
-103.229115,49.154184,test,0.0013647267282658514,36.483626167989485,0.7057709116977069
-107.05,51.5,test,9.433640608274373E-4,24.195914662881304,0.570730328464766
-106.312285,50.421349,test,0.0010620980132750545,26.214327653936056,0.6140733300217187
